<?xml version="1.0" encoding="UTF-8"?>
<project version="4">
  <component name="ChangeListManager">
    <list default="true" id="16708e26-5da1-44f6-a37d-c262a809ce48" name="Default" comment="">
      <change type="NEW" beforePath="" afterPath="$PROJECT_DIR$/.idea/inspectionProfiles/Project_Default.xml" />
      <change type="NEW" beforePath="" afterPath="$PROJECT_DIR$/.idea/inspectionProfiles/profiles_settings.xml" />
      <change type="MODIFICATION" beforePath="$PROJECT_DIR$/.idea/workspace.xml" afterPath="$PROJECT_DIR$/.idea/workspace.xml" />
      <change type="MODIFICATION" beforePath="$PROJECT_DIR$/header.php" afterPath="$PROJECT_DIR$/header.php" />
      <change type="MODIFICATION" beforePath="$PROJECT_DIR$/index.php" afterPath="$PROJECT_DIR$/index.php" />
      <change type="MODIFICATION" beforePath="$PROJECT_DIR$/new-post.php" afterPath="$PROJECT_DIR$/new-post.php" />
    </list>
    <ignored path="small-cms.iws" />
    <ignored path=".idea/workspace.xml" />
    <ignored path=".idea/dataSources.local.xml" />
    <option name="EXCLUDED_CONVERTED_TO_IGNORED" value="true" />
    <option name="TRACKING_ENABLED" value="true" />
    <option name="SHOW_DIALOG" value="true" />
    <option name="HIGHLIGHT_CONFLICTS" value="true" />
    <option name="HIGHLIGHT_NON_ACTIVE_CHANGELIST" value="false" />
    <option name="LAST_RESOLUTION" value="IGNORE" />
  </component>
  <component name="ChangesViewManager" flattened_view="true" show_ignored="false" />
  <component name="CreatePatchCommitExecutor">
    <option name="PATCH_PATH" value="" />
  </component>
  <component name="DatabaseView">
    <option name="GROUP_SCHEMA" value="true" />
    <option name="GROUP_CONTENTS" value="false" />
    <option name="SORT_POSITIONED" value="false" />
    <option name="SHOW_TABLE_DETAILS" value="true" />
    <option name="SHOW_EMPTY_GROUPS" value="false" />
  </component>
  <component name="ExecutionTargetManager" SELECTED_TARGET="default_target" />
  <component name="FavoritesManager">
    <favorites_list name="small-cms" />
  </component>
  <component name="FileEditorManager">
    <leaf SIDE_TABS_SIZE_LIMIT_KEY="300">
      <file leaf-file-name="index.php" pinned="false" current-in-tab="false">
        <entry file="file://$PROJECT_DIR$/index.php">
          <provider selected="true" editor-type-id="text-editor">
            <state vertical-scroll-proportion="-1.3076923">
              <caret line="2" column="0" selection-start-line="2" selection-start-column="0" selection-end-line="2" selection-end-column="0" />
              <folding>
                <element signature="e#42#301#0#PHP" expanded="true" />
                <marker date="1455282846847" expanded="true" signature="376:413" placeholder="SELECT * FRO... users" />
                <marker date="1455282846847" expanded="true" signature="376:420" placeholder="SELECT * FRO... users" />
                <marker date="1455282846847" expanded="true" signature="613:692" placeholder="SELECT * FRO... posts" />
              </folding>
            </state>
          </provider>
        </entry>
      </file>
      <file leaf-file-name="login.php" pinned="false" current-in-tab="true">
        <entry file="file://$PROJECT_DIR$/login.php">
          <provider selected="true" editor-type-id="text-editor">
            <state vertical-scroll-proportion="0.29109588">
              <caret line="10" column="50" selection-start-line="10" selection-start-column="50" selection-end-line="10" selection-end-column="50" />
              <folding>
                <marker date="1455130005500" expanded="true" signature="582:630" placeholder="SELECT * FRO... users" />
              </folding>
            </state>
          </provider>
        </entry>
      </file>
      <file leaf-file-name="header.php" pinned="false" current-in-tab="false">
        <entry file="file://$PROJECT_DIR$/header.php">
          <provider selected="true" editor-type-id="text-editor">
            <state vertical-scroll-proportion="0.0">
              <caret line="27" column="9" selection-start-line="27" selection-start-column="9" selection-end-line="27" selection-end-column="9" />
              <folding />
            </state>
          </provider>
        </entry>
      </file>
      <file leaf-file-name="post_edit.php" pinned="false" current-in-tab="false">
        <entry file="file://$PROJECT_DIR$/post_edit.php">
          <provider selected="true" editor-type-id="text-editor">
            <state vertical-scroll-proportion="0.0">
              <caret line="17" column="8" selection-start-line="17" selection-start-column="8" selection-end-line="17" selection-end-column="8" />
              <folding>
                <marker date="1454947997435" expanded="true" signature="148:194" placeholder="SELECT * FRO... posts" />
              </folding>
            </state>
          </provider>
        </entry>
      </file>
      <file leaf-file-name="new-post.php" pinned="false" current-in-tab="false">
        <entry file="file://$PROJECT_DIR$/new-post.php">
          <provider selected="true" editor-type-id="text-editor">
            <state vertical-scroll-proportion="0.0">
              <caret line="48" column="52" selection-start-line="48" selection-start-column="52" selection-end-line="48" selection-end-column="52" />
              <folding>
                <marker date="1455277201623" expanded="true" signature="571:629" placeholder="INSERT INTO posts... " />
                <marker date="1455277201623" expanded="true" signature="571:705" placeholder="INSERT INTO posts... " />
                <marker date="1455277201623" expanded="true" signature="571:762" placeholder="INSERT INTO posts... " />
              </folding>
            </state>
          </provider>
        </entry>
      </file>
    </leaf>
  </component>
  <component name="Git.Settings">
    <option name="RECENT_GIT_ROOT_PATH" value="$PROJECT_DIR$" />
  </component>
  <component name="IdeDocumentHistory">
    <option name="CHANGED_PATHS">
      <list>
        <option value="$PROJECT_DIR$/new-post.php" />
        <option value="$PROJECT_DIR$/header.php" />
        <option value="$PROJECT_DIR$/index.php" />
        <option value="$PROJECT_DIR$/login.php" />
      </list>
    </option>
  </component>
  <component name="JsBuildToolGruntFileManager" detection-done="true" />
  <component name="JsBuildToolPackageJson" detection-done="true" />
  <component name="JsGulpfileManager">
    <detection-done>true</detection-done>
  </component>
  <component name="PhpServers">
    <servers />
  </component>
  <component name="PhpWebServerValidation" path_to_validation_script="D:\wamp\www\small-cms" selected_validation_type="LOCAL" web_path_to_validation_script="http://127.0.0.1/small-cms" />
  <component name="PhpWorkspaceProjectConfiguration" backward_compatibility_performed="true" interpreter_name="PHP">
    <include_path>
      <path value="D:\wamp\www\small-cms" />
    </include_path>
  </component>
  <component name="ProjectFrameBounds">
    <option name="x" value="-4" />
    <option name="y" value="40" />
    <option name="width" value="1374" />
    <option name="height" value="732" />
  </component>
  <component name="ProjectInspectionProfilesVisibleTreeState">
    <entry key="Project Default">
      <profile-state>
        <expanded-state>
          <State>
            <id />
          </State>
          <State>
            <id>Code StylePHP</id>
          </State>
          <State>
            <id>PHP</id>
          </State>
          <State>
            <id>PHPDocPHP</id>
          </State>
        </expanded-state>
        <selected-state>
          <State>
            <id>PHPDocPHP</id>
          </State>
        </selected-state>
      </profile-state>
    </entry>
  </component>
  <component name="ProjectLevelVcsManager" settingsEditedManually="false">
    <OptionsSetting value="true" id="Add" />
    <OptionsSetting value="true" id="Remove" />
    <OptionsSetting value="true" id="Checkout" />
    <OptionsSetting value="true" id="Update" />
    <OptionsSetting value="true" id="Status" />
    <OptionsSetting value="true" id="Edit" />
    <ConfirmationsSetting value="0" id="Add" />
    <ConfirmationsSetting value="0" id="Remove" />
  </component>
  <component name="ProjectView">
    <navigator currentView="ProjectPane" proportions="" version="1">
      <flattenPackages />
      <showMembers />
      <showModules />
      <showLibraryContents />
      <hideEmptyPackages />
      <abbreviatePackageNames />
      <autoscrollToSource />
      <autoscrollFromSource />
      <sortByType />
      <manualOrder />
      <foldersAlwaysOnTop value="true" />
    </navigator>
    <panes>
      <pane id="Scope" />
      <pane id="ProjectPane">
        <subPane>
          <PATH>
            <PATH_ELEMENT>
              <option name="myItemId" value="small-cms" />
              <option name="myItemType" value="com.intellij.ide.projectView.impl.nodes.ProjectViewProjectNode" />
            </PATH_ELEMENT>
          </PATH>
          <PATH>
            <PATH_ELEMENT>
              <option name="myItemId" value="small-cms" />
              <option name="myItemType" value="com.intellij.ide.projectView.impl.nodes.ProjectViewProjectNode" />
            </PATH_ELEMENT>
            <PATH_ELEMENT>
              <option name="myItemId" value="small-cms" />
              <option name="myItemType" value="com.intellij.ide.projectView.impl.nodes.PsiDirectoryNode" />
            </PATH_ELEMENT>
          </PATH>
        </subPane>
      </pane>
      <pane id="Scratches" />
    </panes>
  </component>
  <component name="PropertiesComponent">
    <property name="last_opened_file_path" value="$PROJECT_DIR$" />
    <property name="WebServerToolWindowFactoryState" value="false" />
    <property name="WebServerToolWindowPanel.toolwindow.show.size" value="false" />
    <property name="WebServerToolWindowPanel.toolwindow.show.date" value="false" />
    <property name="WebServerToolWindowPanel.toolwindow.show.permissions" value="false" />
    <property name="WebServerToolWindowPanel.toolwindow.highlight.symlinks" value="true" />
    <property name="WebServerToolWindowPanel.toolwindow.highlight.mappings" value="true" />
    <property name="settings.editor.selected.configurable" value="preferences.sourceCode" />
    <property name="settings.editor.splitter.proportion" value="0.2" />
    <property name="SearchEverywhereHistoryKey" value="&#9;FILE&#9;file://D:/wamp/www/small-cms/.idea/inspectionProfiles/profiles_settings.xml&#10;setting&#9;FILE&#9;file://D:/wamp/www/small-cms/.idea/inspectionProfiles/profiles_settings.xml" />
  </component>
  <component name="RunManager">
    <configuration default="true" type="AppEnginePhpConfigurationType" factoryName="App Engine for PHP">
      <method />
    </configuration>
    <configuration default="true" type="JavascriptDebugType" factoryName="JavaScript Debug">
      <method />
    </configuration>
    <configuration default="true" type="PHPUnitRunConfigurationType" factoryName="PHPUnit">
      <TestRunner />
      <method />
    </configuration>
    <configuration default="true" type="PhpBehatConfigurationType" factoryName="Behat">
      <BehatRunner />
      <method />
    </configuration>
    <configuration default="true" type="PhpLocalRunConfigurationType" factoryName="PHP Console">
      <method />
    </configuration>
    <configuration default="true" type="js.build_tools.gulp" factoryName="Gulp.js">
      <node-options />
      <gulpfile />
      <tasks />
      <arguments />
      <envs />
      <method />
    </configuration>
    <configuration default="true" type="js.build_tools.npm" factoryName="npm">
      <command value="run-script" />
      <scripts />
      <envs />
      <method />
    </configuration>
  </component>
  <component name="ShelveChangesManager" show_recycled="false" />
  <component name="SvnConfiguration">
    <configuration />
  </component>
  <component name="TaskManager">
    <task active="true" id="Default" summary="Default task">
      <changelist id="16708e26-5da1-44f6-a37d-c262a809ce48" name="Default" comment="" />
      <created>1455194444296</created>
      <option name="number" value="Default" />
      <updated>1455194444296</updated>
    </task>
    <servers />
  </component>
  <component name="ToolWindowManager">
    <frame x="-4" y="40" width="1374" height="732" extended-state="6" />
    <editor active="false" />
    <layout>
      <window_info id="Project" active="false" anchor="left" auto_hide="false" internal_type="DOCKED" type="DOCKED" visible="true" show_stripe_button="true" weight="0.12591508" sideWeight="0.5" order="0" side_tool="false" content_ui="combo" />
      <window_info id="TODO" active="false" anchor="bottom" auto_hide="false" internal_type="DOCKED" type="DOCKED" visible="false" show_stripe_button="true" weight="0.33" sideWeight="0.5" order="6" side_tool="false" content_ui="tabs" />
      <window_info id="Event Log" active="false" anchor="bottom" auto_hide="false" internal_type="DOCKED" type="DOCKED" visible="false" show_stripe_button="true" weight="0.32861635" sideWeight="0.5" order="7" side_tool="true" content_ui="tabs" />
      <window_info id="Database" active="false" anchor="right" auto_hide="false" internal_type="DOCKED" type="DOCKED" visible="false" show_stripe_button="true" weight="0.13909224" sideWeight="0.5" order="3" side_tool="false" content_ui="tabs" />
      <window_info id="Version Control" active="false" anchor="bottom" auto_hide="false" internal_type="DOCKED" type="DOCKED" visible="false" show_stripe_button="true" weight="0.33" sideWeight="0.5" order="7" side_tool="false" content_ui="tabs" />
      <window_info id="Run" active="false" anchor="bottom" auto_hide="false" internal_type="DOCKED" type="DOCKED" visible="false" show_stripe_button="true" weight="0.33" sideWeight="0.5" order="2" side_tool="false" content_ui="tabs" />
      <window_info id="Structure" active="false" anchor="left" auto_hide="false" internal_type="DOCKED" type="DOCKED" visible="false" show_stripe_button="true" weight="0.25" sideWeight="0.5" order="1" side_tool="false" content_ui="tabs" />
      <window_info id="Terminal" active="false" anchor="bottom" auto_hide="false" internal_type="DOCKED" type="DOCKED" visible="false" show_stripe_button="true" weight="0.33" sideWeight="0.5" order="7" side_tool="false" content_ui="tabs" />
      <window_info id="Favorites" active="false" anchor="left" auto_hide="false" internal_type="DOCKED" type="DOCKED" visible="false" show_stripe_button="true" weight="0.33" sideWeight="0.5" order="2" side_tool="true" content_ui="tabs" />
      <window_info id="Debug" active="false" anchor="bottom" auto_hide="false" internal_type="DOCKED" type="DOCKED" visible="false" show_stripe_button="true" weight="0.4" sideWeight="0.5" order="3" side_tool="false" content_ui="tabs" />
      <window_info id="Cvs" active="false" anchor="bottom" auto_hide="false" internal_type="DOCKED" type="DOCKED" visible="false" show_stripe_button="true" weight="0.25" sideWeight="0.5" order="4" side_tool="false" content_ui="tabs" />
      <window_info id="Message" active="false" anchor="bottom" auto_hide="false" internal_type="DOCKED" type="DOCKED" visible="false" show_stripe_button="true" weight="0.33" sideWeight="0.5" order="0" side_tool="false" content_ui="tabs" />
      <window_info id="Commander" active="false" anchor="right" auto_hide="false" internal_type="DOCKED" type="DOCKED" visible="false" show_stripe_button="true" weight="0.4" sideWeight="0.5" order="0" side_tool="false" content_ui="tabs" />
      <window_info id="Inspection" active="false" anchor="bottom" auto_hide="false" internal_type="DOCKED" type="DOCKED" visible="false" show_stripe_button="true" weight="0.4" sideWeight="0.5" order="5" side_tool="false" content_ui="tabs" />
      <window_info id="Remote Host" active="false" anchor="right" auto_hide="false" internal_type="DOCKED" type="DOCKED" visible="false" show_stripe_button="true" weight="0.329429" sideWeight="0.5" order="3" side_tool="false" content_ui="tabs" />
      <window_info id="Hierarchy" active="false" anchor="right" auto_hide="false" internal_type="DOCKED" type="DOCKED" visible="false" show_stripe_button="true" weight="0.25" sideWeight="0.5" order="2" side_tool="false" content_ui="combo" />
      <window_info id="Find" active="false" anchor="bottom" auto_hide="false" internal_type="DOCKED" type="DOCKED" visible="false" show_stripe_button="true" weight="0.32861635" sideWeight="0.5" order="1" side_tool="false" content_ui="tabs" />
      <window_info id="Ant Build" active="false" anchor="right" auto_hide="false" internal_type="DOCKED" type="DOCKED" visible="false" show_stripe_button="true" weight="0.25" sideWeight="0.5" order="1" side_tool="false" content_ui="tabs" />
    </layout>
  </component>
  <component name="Vcs.Log.UiProperties">
    <option name="RECENTLY_FILTERED_USER_GROUPS">
      <collection />
    </option>
    <option name="RECENTLY_FILTERED_BRANCH_GROUPS">
      <collection />
    </option>
  </component>
  <component name="VcsContentAnnotationSettings">
    <option name="myLimit" value="2678400000" />
  </component>
  <component name="XDebuggerManager">
    <breakpoint-manager>
      <option name="time" value="2" />
    </breakpoint-manager>
    <watches-manager />
  </component>
  <component name="editorHistoryManager">
    <entry file="file://$PROJECT_DIR$/index.php">
      <provider selected="true" editor-type-id="text-editor">
        <state vertical-scroll-proportion="0.0">
          <caret line="0" column="0" selection-start-line="0" selection-start-column="0" selection-end-line="0" selection-end-column="0" />
          <folding>
            <element signature="e#42#301#0#PHP" expanded="true" />
            <marker date="1455282846847" expanded="true" signature="376:413" placeholder="SELECT * FRO... users" />
            <marker date="1455282846847" expanded="true" signature="376:420" placeholder="SELECT * FRO... users" />
            <marker date="1455282846847" expanded="true" signature="613:692" placeholder="SELECT * FRO... posts" />
          </folding>
        </state>
      </provider>
    </entry>
    <entry file="file://$PROJECT_DIR$/login.php">
      <provider selected="true" editor-type-id="text-editor">
        <state vertical-scroll-proportion="0.0">
          <caret line="22" column="12" selection-start-line="22" selection-start-column="12" selection-end-line="22" selection-end-column="42" />
          <folding>
            <marker date="1455130005500" expanded="true" signature="582:630" placeholder="SELECT * FRO... users" />
          </folding>
        </state>
      </provider>
    </entry>
    <entry file="file://$PROJECT_DIR$/header.php">
      <provider selected="true" editor-type-id="text-editor">
        <state vertical-scroll-proportion="0.0">
          <caret line="27" column="9" selection-start-line="27" selection-start-column="9" selection-end-line="27" selection-end-column="9" />
          <folding />
        </state>
      </provider>
    </entry>
    <entry file="file://$PROJECT_DIR$/post_edit.php">
      <provider selected="true" editor-type-id="text-editor">
        <state vertical-scroll-proportion="0.0">
          <caret line="17" column="8" selection-start-line="17" selection-start-column="8" selection-end-line="17" selection-end-column="8" />
          <folding>
            <marker date="1454947997435" expanded="true" signature="148:194" placeholder="SELECT * FRO... posts" />
          </folding>
        </state>
      </provider>
    </entry>
    <entry file="file://$PROJECT_DIR$/new-post.php">
      <provider selected="true" editor-type-id="text-editor">
        <state vertical-scroll-proportion="0.0">
          <caret line="48" column="52" selection-start-line="48" selection-start-column="52" selection-end-line="48" selection-end-column="52" />
          <folding>
            <marker date="1455277201623" expanded="true" signature="571:629" placeholder="INSERT INTO posts... " />
            <marker date="1455277201623" expanded="true" signature="571:705" placeholder="INSERT INTO posts... " />
            <marker date="1455277201623" expanded="true" signature="571:762" placeholder="INSERT INTO posts... " />
          </folding>
        </state>
      </provider>
    </entry>
    <entry file="file://$PROJECT_DIR$/index.php">
      <provider selected="true" editor-type-id="text-editor">
        <state vertical-scroll-proportion="0.0">
          <caret line="0" column="0" selection-start-line="0" selection-start-column="0" selection-end-line="0" selection-end-column="0" />
          <folding>
            <element signature="e#42#301#0#PHP" expanded="true" />
            <marker date="1455282846847" expanded="true" signature="376:413" placeholder="SELECT * FRO... users" />
            <marker date="1455282846847" expanded="true" signature="376:420" placeholder="SELECT * FRO... users" />
            <marker date="1455282846847" expanded="true" signature="613:692" placeholder="SELECT * FRO... posts" />
          </folding>
        </state>
      </provider>
    </entry>
    <entry file="file://$PROJECT_DIR$/login.php">
      <provider selected="true" editor-type-id="text-editor">
        <state vertical-scroll-proportion="0.0">
          <caret line="22" column="12" selection-start-line="22" selection-start-column="12" selection-end-line="22" selection-end-column="42" />
          <folding>
            <marker date="1455130005500" expanded="true" signature="582:630" placeholder="SELECT * FRO... users" />
          </folding>
        </state>
      </provider>
    </entry>
    <entry file="file://$PROJECT_DIR$/header.php">
      <provider selected="true" editor-type-id="text-editor">
        <state vertical-scroll-proportion="0.0">
          <caret line="27" column="9" selection-start-line="27" selection-start-column="9" selection-end-line="27" selection-end-column="9" />
          <folding />
        </state>
      </provider>
    </entry>
    <entry file="file://$PROJECT_DIR$/post_edit.php">
      <provider selected="true" editor-type-id="text-editor">
        <state vertical-scroll-proportion="0.0">
          <caret line="17" column="8" selection-start-line="17" selection-start-column="8" selection-end-line="17" selection-end-column="8" />
          <folding>
            <marker date="1454947997435" expanded="true" signature="148:194" placeholder="SELECT * FRO... posts" />
          </folding>
        </state>
      </provider>
    </entry>
    <entry file="file://$PROJECT_DIR$/new-post.php">
      <provider selected="true" editor-type-id="text-editor">
        <state vertical-scroll-proportion="0.0">
          <caret line="48" column="52" selection-start-line="48" selection-start-column="52" selection-end-line="48" selection-end-column="52" />
          <folding>
            <marker date="1455277201623" expanded="true" signature="571:629" placeholder="INSERT INTO posts... " />
            <marker date="1455277201623" expanded="true" signature="571:705" placeholder="INSERT INTO posts... " />
            <marker date="1455277201623" expanded="true" signature="571:762" placeholder="INSERT INTO posts... " />
          </folding>
        </state>
      </provider>
    </entry>
    <entry file="file://$PROJECT_DIR$/index.php">
      <provider selected="true" editor-type-id="text-editor">
        <state vertical-scroll-proportion="0.0">
          <caret line="0" column="0" selection-start-line="0" selection-start-column="0" selection-end-line="0" selection-end-column="0" />
          <folding>
            <element signature="e#42#301#0#PHP" expanded="true" />
            <marker date="1455282846847" expanded="true" signature="376:413" placeholder="SELECT * FRO... users" />
            <marker date="1455282846847" expanded="true" signature="376:420" placeholder="SELECT * FRO... users" />
            <marker date="1455282846847" expanded="true" signature="613:692" placeholder="SELECT * FRO... posts" />
          </folding>
        </state>
      </provider>
    </entry>
    <entry file="file://$PROJECT_DIR$/index.php">
      <provider selected="true" editor-type-id="text-editor">
        <state vertical-scroll-proportion="0.0">
          <caret line="0" column="0" selection-start-line="0" selection-start-column="0" selection-end-line="0" selection-end-column="0" />
          <folding>
            <element signature="e#42#301#0#PHP" expanded="true" />
            <marker date="1455282846847" expanded="true" signature="376:413" placeholder="SELECT * FRO... users" />
            <marker date="1455282846847" expanded="true" signature="376:420" placeholder="SELECT * FRO... users" />
            <marker date="1455282846847" expanded="true" signature="613:692" placeholder="SELECT * FRO... posts" />
          </folding>
        </state>
      </provider>
    </entry>
    <entry file="file://$PROJECT_DIR$/post_edit.php">
      <provider selected="true" editor-type-id="text-editor">
        <state vertical-scroll-proportion="0.0">
          <caret line="17" column="8" selection-start-line="17" selection-start-column="8" selection-end-line="17" selection-end-column="8" />
          <folding>
            <marker date="1454947997435" expanded="true" signature="148:194" placeholder="SELECT * FRO... posts" />
          </folding>
        </state>
      </provider>
    </entry>
    <entry file="file://$PROJECT_DIR$/new-post.php">
      <provider selected="true" editor-type-id="text-editor">
        <state vertical-scroll-proportion="0.0">
          <caret line="48" column="52" selection-start-line="48" selection-start-column="52" selection-end-line="48" selection-end-column="52" />
          <folding>
            <marker date="1455277201623" expanded="true" signature="571:629" placeholder="INSERT INTO posts... " />
            <marker date="1455277201623" expanded="true" signature="571:705" placeholder="INSERT INTO posts... " />
            <marker date="1455277201623" expanded="true" signature="571:762" placeholder="INSERT INTO posts... " />
          </folding>
        </state>
      </provider>
    </entry>
    <entry file="file://$PROJECT_DIR$/header.php">
      <provider selected="true" editor-type-id="text-editor">
        <state vertical-scroll-proportion="0.0">
          <caret line="27" column="9" selection-start-line="27" selection-start-column="9" selection-end-line="27" selection-end-column="9" />
          <folding />
        </state>
      </provider>
    </entry>
    <entry file="file://$PROJECT_DIR$/index.php">
      <provider selected="true" editor-type-id="text-editor">
        <state vertical-scroll-proportion="-1.3076923">
          <caret line="2" column="0" selection-start-line="2" selection-start-column="0" selection-end-line="2" selection-end-column="0" />
          <folding>
            <element signature="e#42#301#0#PHP" expanded="true" />
            <marker date="1455282846847" expanded="true" signature="376:413" placeholder="SELECT * FRO... users" />
            <marker date="1455282846847" expanded="true" signature="376:420" placeholder="SELECT * FRO... users" />
            <marker date="1455282846847" expanded="true" signature="613:692" placeholder="SELECT * FRO... posts" />
          </folding>
        </state>
      </provider>
    </entry>
    <entry file="file://$PROJECT_DIR$/.idea/inspectionProfiles/profiles_settings.xml">
      <provider selected="true" editor-type-id="text-editor">
        <state vertical-scroll-proportion="0.0">
          <caret line="0" column="0" selection-start-line="0" selection-start-column="0" selection-end-line="0" selection-end-column="0" />
          <folding />
        </state>
      </provider>
    </entry>
    <entry file="file://$PROJECT_DIR$/login.php">
      <provider selected="true" editor-type-id="text-editor">
        <state vertical-scroll-proportion="0.29109588">
          <caret line="10" column="50" selection-start-line="10" selection-start-column="50" selection-end-line="10" selection-end-column="50" />
          <folding>
            <marker date="1455130005500" expanded="true" signature="582:630" placeholder="SELECT * FRO... users" />
          </folding>
        </state>
      </provider>
    </entry>
  </component>
</project>